Reseller,Client,VIN,Original-URL,BG-URL,Max-Width,Max-Height,CentreX,CentreY,Manual-Fix,Fix-Tag,Model-Output,Manually-Fixed-Image
Homenet,Jeff Wyler Auto Group-WylerEsntialPB,3C7WR9CJ5PG500527,https://gcbimages.s3.us-west-001.backblazeb2.com/d4/3231/2605381/21720237/o/55845a1293af4bf3adef59c6f8d4b821.jpg,https://admin.double4.ai/d4/staticcontent/admin/web/profile/background/img_acp_background_3933.jpg,970,970,800,750,1,ExtraPartVisible,https://gcbimages.s3.us-west-001.backblazeb2.com/d4/3231/2605381/21720237/s/55845a1293af4bf3adef59c6f8d4b821.jpg,https://gcbimages.s3.us-west-001.backblazeb2.com/d4/3231/2605381/21720237/MU/1708058560/55845a1293af4bf3adef59c6f8d4b821.jpg
Homenet,Jeff Wyler Auto Group-WylerEsntialPB,3C7WR9CJ5PG500527,https://gcbimages.s3.us-west-001.backblazeb2.com/d4/3231/2605381/21720184/o/e910c13740c64b79a29ed751eb608300.jpg,https://admin.double4.ai/d4/staticcontent/admin/web/profile/background/img_acp_background_3933.jpg,1300,900,800,750,1,CarPartMissing,https://gcbimages.s3.us-west-001.backblazeb2.com/d4/3231/2605381/21720184/s/e910c13740c64b79a29ed751eb608300.jpg,https://gcbimages.s3.us-west-001.backblazeb2.com/d4/3231/2605381/21720184/MU/1708055960/e910c13740c64b79a29ed751eb608300.jpg
Homenet,Jeff Wyler Auto Group-WylerEsntialPB,3G1BH6SE7KS570126,https://gcbimages.s3.us-west-001.backblazeb2.com/d4/3231/2597274/20780871/o/0180c57d2cfb4d2b8a5eedc4f7302b75.jpg,https://admin.double4.ai/d4/staticcontent/admin/web/profile/background/img_acp_background_3933.jpg,1300,900,800,750,1,Roof/Rack,https://gcbimages.s3.us-west-001.backblazeb2.com/d4/3231/2597274/20780871/s/0180c57d2cfb4d2b8a5eedc4f7302b75.jpg,https://gcbimages.s3.us-west-001.backblazeb2.com/d4/3231/2597274/20780871/MU/1707391573/0180c57d2cfb4d2b8a5eedc4f7302b75.jpg
Homenet,Jeff Wyler Auto Group-WylerEsntialPB,3G1BH6SE7KS570126,https://gcbimages.s3.us-west-001.backblazeb2.com/d4/3231/2597274/20780840/o/546e92592201412baeb91ccae07250a4.jpg,https://admin.double4.ai/d4/staticcontent/admin/web/profile/background/img_acp_background_3933.jpg,970,970,800,750,1,Roof/Rack,https://gcbimages.s3.us-west-001.backblazeb2.com/d4/3231/2597274/20780840/s/546e92592201412baeb91ccae07250a4.jpg,https://gcbimages.s3.us-west-001.backblazeb2.com/d4/3231/2597274/20780840/MU/1707392088/546e92592201412baeb91ccae07250a4.jpg
Homenet,Jeff Wyler Auto Group-WylerEsntialPB,3G1BH6SE7KS570126,https://gcbimages.s3.us-west-001.backblazeb2.com/d4/3231/2597274/20780726/o/7834822ebe824ee4a39920d4bd99ba59.jpg,https://admin.double4.ai/d4/staticcontent/admin/web/profile/background/img_acp_background_3933.jpg,1300,900,800,750,1,Roof/Rack,https://gcbimages.s3.us-west-001.backblazeb2.com/d4/3231/2597274/20780726/s/7834822ebe824ee4a39920d4bd99ba59.jpg,https://gcbimages.s3.us-west-001.backblazeb2.com/d4/3231/2597274/20780726/MU/1707391004/7834822ebe824ee4a39920d4bd99ba59.jpg
Homenet,Jeff Wyler Auto Group-WylerEsntialPB,5J6RW2H81ML012572,https://gcbimages.s3.us-west-001.backblazeb2.com/d4/3231/2621329/21712941/o/0b340ed56ed747da80947636da6b63c7.jpg,https://admin.double4.ai/d4/staticcontent/admin/web/profile/background/img_acp_background_3933.jpg,1300,900,800,750,1,ShadowClean,https://gcbimages.s3.us-west-001.backblazeb2.com/d4/3231/2621329/21712941/s/0b340ed56ed747da80947636da6b63c7.jpg,https://gcbimages.s3.us-west-001.backblazeb2.com/d4/3231/2621329/21712941/MU/1708057857/0b340ed56ed747da80947636da6b63c7.jpg
Homenet,Jeff Wyler Auto Group-WylerEsntialPB,1GCUDGED6PZ265022,https://gcbimages.s3.us-west-001.backblazeb2.com/d4/3231/2636434/21743453/o/baf312fdce5148af9fef5abebd7e39c6.jpg,https://admin.double4.ai/d4/staticcontent/admin/web/profile/background/img_acp_background_3933.jpg,970,970,800,750,1,"Antenna,SideViewMirror",https://gcbimages.s3.us-west-001.backblazeb2.com/d4/3231/2636434/21743453/s/baf312fdce5148af9fef5abebd7e39c6.jpg,https://gcbimages.s3.us-west-001.backblazeb2.com/d4/3231/2636434/21743453/MU/1708058808/baf312fdce5148af9fef5abebd7e39c6.jpg
Homenet,Jeff Wyler Auto Group-WylerEsntialPB,1C4HJWDGXCL185199,https://gcbimages.s3.us-west-001.backblazeb2.com/d4/3231/2648984/21743629/o/ed68d24374c24c3cbdbca24828dffd8e.jpg,https://admin.double4.ai/d4/staticcontent/admin/web/profile/background/img_acp_background_3933.jpg,1500,900,800,780,1,"ExtraPartVisible,Antenna",https://gcbimages.s3.us-west-001.backblazeb2.com/d4/3231/2648984/21743629/s/ed68d24374c24c3cbdbca24828dffd8e.jpg,https://gcbimages.s3.us-west-001.backblazeb2.com/d4/3231/2648984/21743629/MU/1708056332/ed68d24374c24c3cbdbca24828dffd8e.jpg
Homenet,Jeff Wyler Auto Group-WylerEsntialPB,1C4AJWAG6HL689374,https://gcbimages.s3.us-west-001.backblazeb2.com/d4/3231/2639128/21575941/o/111e162a752942939082143f9f6e5b22.jpg,https://admin.double4.ai/d4/staticcontent/admin/web/profile/background/img_acp_background_3933.jpg,1300,900,800,750,1,ShadowClean,https://gcbimages.s3.us-west-001.backblazeb2.com/d4/3231/2639128/21575941/s/111e162a752942939082143f9f6e5b22.jpg,https://gcbimages.s3.us-west-001.backblazeb2.com/d4/3231/2639128/21575941/MU/1708016119/111e162a752942939082143f9f6e5b22.jpg
Homenet,Jeff Wyler Auto Group-WylerEsntialPB,1GNKRGKD1FJ193728,https://gcbimages.s3.us-west-001.backblazeb2.com/d4/3231/2637988/21576202/o/b969a1c898b547c3b071dbd55eab31c5.jpg,https://admin.double4.ai/d4/staticcontent/admin/web/profile/background/img_acp_background_3933.jpg,1300,900,800,750,1,ShadowClean,https://gcbimages.s3.us-west-001.backblazeb2.com/d4/3231/2637988/21576202/s/b969a1c898b547c3b071dbd55eab31c5.jpg,https://gcbimages.s3.us-west-001.backblazeb2.com/d4/3231/2637988/21576202/MU/1708017191/b969a1c898b547c3b071dbd55eab31c5.jpg
Homenet,Lebanon Ford-21847,1FDUF5HT8KDA19544,https://gcbimages.s3.us-west-001.backblazeb2.com/d4/5736/2639664/21579991/o/d8b10c1638e44141b9b8a72695080fb3.jpg,https://admin.double4.ai/d4/staticcontent/admin/web/profile/background/img_acp_background_6707.jpg,1275,825,800,720,1,CarPartMissing,https://gcbimages.s3.us-west-001.backblazeb2.com/d4/5736/2639664/21579991/s/d8b10c1638e44141b9b8a72695080fb3.jpg,https://gcbimages.s3.us-west-001.backblazeb2.com/d4/5736/2639664/21579991/MU/1707831940/d8b10c1638e44141b9b8a72695080fb3.jpg
Homenet,Lebanon Ford-21848,1FDUF5HT8KDA19544,https://gcbimages.s3.us-west-001.backblazeb2.com/d4/5736/2639664/21579985/o/2335decdf9e04d9fbb7585dd82af4ef8.jpg,https://admin.double4.ai/d4/staticcontent/admin/web/profile/background/img_acp_background_6707.jpg,1500,825,800,730,1,CarPartMissing,https://gcbimages.s3.us-west-001.backblazeb2.com/d4/5736/2639664/21579985/s/2335decdf9e04d9fbb7585dd82af4ef8.jpg,https://gcbimages.s3.us-west-001.backblazeb2.com/d4/5736/2639664/21579985/MU/1707834854/2335decdf9e04d9fbb7585dd82af4ef8.jpg
Homenet,Lebanon Ford-21849,1FDUF4GY5EEB43471,https://gcbimages.s3.us-west-001.backblazeb2.com/d4/5736/2639641/21579883/o/bd0362ea763f4871baabd5d3091a3ed2.jpg,https://admin.double4.ai/d4/staticcontent/admin/web/profile/background/img_acp_background_6707.jpg,1275,825,800,720,1,"CarPartMissing, Antenna",https://gcbimages.s3.us-west-001.backblazeb2.com/d4/5736/2639641/21579883/s/bd0362ea763f4871baabd5d3091a3ed2.jpg,https://gcbimages.s3.us-west-001.backblazeb2.com/d4/5736/2639641/21579883/MU/1707831394/bd0362ea763f4871baabd5d3091a3ed2.jpg
Homenet,Lebanon Ford-21850,1FDUF4GY5EEB43471,https://gcbimages.s3.us-west-001.backblazeb2.com/d4/5736/2639641/21579878/o/60ed2c66b7dc4072886b43dadffa5cd9.jpg,https://admin.double4.ai/d4/staticcontent/admin/web/profile/background/img_acp_background_6707.jpg,1275,825,800,720,1,"CarPartMissing, Antenna",https://gcbimages.s3.us-west-001.backblazeb2.com/d4/5736/2639641/21579878/s/60ed2c66b7dc4072886b43dadffa5cd9.jpg,https://gcbimages.s3.us-west-001.backblazeb2.com/d4/5736/2639641/21579878/MU/1707830915/60ed2c66b7dc4072886b43dadffa5cd9.jpg
Homenet,Lebanon Ford-21851,1FTRU8UG0PKA91478,https://gcbimages.s3.us-west-001.backblazeb2.com/d4/5736/2639677/21580139/o/cbca96930af344a1ada6b16d755f65c6.jpg,https://admin.double4.ai/d4/staticcontent/admin/web/profile/background/img_acp_background_6707.jpg,1275,825,800,720,1,"CarPartMissing, Antenna,SideViewMirror",https://gcbimages.s3.us-west-001.backblazeb2.com/d4/5736/2639677/21580139/s/cbca96930af344a1ada6b16d755f65c6.jpg,https://gcbimages.s3.us-west-001.backblazeb2.com/d4/5736/2639677/21580139/MU/1707828239/cbca96930af344a1ada6b16d755f65c6.jpg
Homenet,Lebanon Ford-21852,1FTRU8UG0PKA91478,https://gcbimages.s3.us-west-001.backblazeb2.com/d4/5736/2639677/21580138/o/6139c11b2258490484498c919156e31f.jpg,https://admin.double4.ai/d4/staticcontent/admin/web/profile/background/img_acp_background_6707.jpg,890,825,800,720,1,"CarPartMissing, Antenna",https://gcbimages.s3.us-west-001.backblazeb2.com/d4/5736/2639677/21580138/s/6139c11b2258490484498c919156e31f.jpg,https://gcbimages.s3.us-west-001.backblazeb2.com/d4/5736/2639677/21580138/MU/1707830364/6139c11b2258490484498c919156e31f.jpg
Homenet,Gettel Lincoln_8_Migrated-9035968,3LN6L2GK5GR620367,https://gcbimages.s3.us-west-001.backblazeb2.com/d4/5141/2625386/21123860/o/10797a98b18f4ea7ae0007877b45d466.jpg,https://admin.double4.ai/d4/staticcontent/admin/web/profile/background/img_acp_background_5884.jpg,1500,925,800,640,1,Flag,https://gcbimages.s3.us-west-001.backblazeb2.com/d4/5141/2625386/21123860/s/10797a98b18f4ea7ae0007877b45d466.jpg,https://gcbimages.s3.us-west-001.backblazeb2.com/d4/5141/2625386/21123860/MU/1707571392/10797a98b18f4ea7ae0007877b45d466.jpg
Homenet,Gettel Lincoln_8_Migrated-9035969,3LN6L2GK5GR620367,https://gcbimages.s3.us-west-001.backblazeb2.com/d4/5141/2625386/21123854/o/05bc2388be54492aafe7841174d3c408.jpg,https://admin.double4.ai/d4/staticcontent/admin/web/profile/background/img_acp_background_5884.jpg,1500,925,800,640,1,Flag,https://gcbimages.s3.us-west-001.backblazeb2.com/d4/5141/2625386/21123854/s/05bc2388be54492aafe7841174d3c408.jpg,https://gcbimages.s3.us-west-001.backblazeb2.com/d4/5141/2625386/21123854/MU/1707571399/05bc2388be54492aafe7841174d3c408.jpg
Homenet,Gettel Lincoln_8_Migrated-9035970,2T3DFREV0JW758250,https://gcbimages.s3.us-west-001.backblazeb2.com/d4/5141/2616785/20952032/o/ab4d12fcbb9a4fb99c674e4ba94773cb.jpg,https://admin.double4.ai/d4/staticcontent/admin/web/profile/background/img_acp_background_5884.jpg,1500,925,800,640,1,"Flag,Roof/Rack",https://gcbimages.s3.us-west-001.backblazeb2.com/d4/5141/2616785/20952032/s/ab4d12fcbb9a4fb99c674e4ba94773cb.jpg,https://gcbimages.s3.us-west-001.backblazeb2.com/d4/5141/2616785/20952032/MU/1707765649/ab4d12fcbb9a4fb99c674e4ba94773cb.jpg
Homenet,Gettel Lincoln_8_Migrated-9035971,2T3DFREV0JW758250,https://gcbimages.s3.us-west-001.backblazeb2.com/d4/5141/2616785/20952026/o/8a591583ad664c3db2094ebf3ba2bd17.jpg,https://admin.double4.ai/d4/staticcontent/admin/web/profile/background/img_acp_background_5884.jpg,1580,925,800,660,1,"Flag,Roof/Rack",https://gcbimages.s3.us-west-001.backblazeb2.com/d4/5141/2616785/20952026/s/8a591583ad664c3db2094ebf3ba2bd17.jpg,https://gcbimages.s3.us-west-001.backblazeb2.com/d4/5141/2616785/20952026/MU/1707764886/8a591583ad664c3db2094ebf3ba2bd17.jpg
Homenet,Gettel Lincoln_8_Migrated-9035972,2T3DFREV0JW758250,https://gcbimages.s3.us-west-001.backblazeb2.com/d4/5141/2616785/20952028/o/4906ab413ca244e0ba22ba7cd694c142.jpg,https://admin.double4.ai/d4/staticcontent/admin/web/profile/background/img_acp_background_5884.jpg,1120,925,800,660,1,"Flag,Roof/Rack",https://gcbimages.s3.us-west-001.backblazeb2.com/d4/5141/2616785/20952028/s/4906ab413ca244e0ba22ba7cd694c142.jpg,https://gcbimages.s3.us-west-001.backblazeb2.com/d4/5141/2616785/20952028/MU/1707765462/4906ab413ca244e0ba22ba7cd694c142.jpg
Homenet,Hendrick Chrysler Dodge Jeep RAM Hoover-9002405,3C6UR4HJ5RG100428,https://gcbimages.s3.us-west-001.backblazeb2.com/d4/3126/2454978/21292016/o/56bbb1a293b843d7804b7ddf17f8eb5a.jpg,https://admin.double4.ai/d4/staticcontent/admin/web/profile/background/img_acp_background_3828.jpg,1350,850,800,650,1,CarPartMissing,https://gcbimages.s3.us-west-001.backblazeb2.com/d4/3126/2454978/21292016/s/56bbb1a293b843d7804b7ddf17f8eb5a.jpg,https://gcbimages.s3.us-west-001.backblazeb2.com/d4/3126/2454978/21292016/MU/1707912290/56bbb1a293b843d7804b7ddf17f8eb5a.jpg
Homenet,Hendrick Chrysler Dodge Jeep RAM Hoover-9002406,3C6UR4HJ5RG100428,https://gcbimages.s3.us-west-001.backblazeb2.com/d4/3126/2454978/21292021/o/70d478c3833e404fbb9940e05450cf10.jpg,https://admin.double4.ai/d4/staticcontent/admin/web/profile/background/img_acp_background_3828.jpg,1500,900,800,660,1,"CarPartMissing,FootRest",https://gcbimages.s3.us-west-001.backblazeb2.com/d4/3126/2454978/21292021/s/70d478c3833e404fbb9940e05450cf10.jpg,https://gcbimages.s3.us-west-001.backblazeb2.com/d4/3126/2454978/21292021/MU/1707912005/70d478c3833e404fbb9940e05450cf10.jpg
Homenet,Hendrick Chrysler Dodge Jeep RAM Hoover-9002407,3C6UR4HJ5RG100428,https://gcbimages.s3.us-west-001.backblazeb2.com/d4/3126/2454978/21292019/o/f5df121de0c34cc0bb32cee8edab9ae1.jpg,https://admin.double4.ai/d4/staticcontent/admin/web/profile/background/img_acp_background_3828.jpg,1350,850,800,650,1,"CarPartMissing,FootRest",https://gcbimages.s3.us-west-001.backblazeb2.com/d4/3126/2454978/21292019/s/f5df121de0c34cc0bb32cee8edab9ae1.jpg,https://gcbimages.s3.us-west-001.backblazeb2.com/d4/3126/2454978/21292019/MU/1707910076/f5df121de0c34cc0bb32cee8edab9ae1.jpg
Homenet,Hull Dobbs Ford-9081867,1C4HJXEG9JW248017,https://gcbimages.s3.us-west-001.backblazeb2.com/d4/5727/2620990/21087529/o/2580e371774e4355865e56aee6c47f91.jpg,https://admin.double4.ai/d4/staticcontent/admin/web/profile/background/img_acp_background_6698.png,1450,980,800,610,1,"ShadowClean,ExtraPartVisible,FootRest",https://gcbimages.s3.us-west-001.backblazeb2.com/d4/5727/2620990/21087529/s/2580e371774e4355865e56aee6c47f91.jpg,https://gcbimages.s3.us-west-001.backblazeb2.com/d4/5727/2620990/21087529/MU/1707908679/2580e371774e4355865e56aee6c47f91.jpg
Homenet,Hull Dobbs Ford-9081867,1C4HJXEG9JW248017,https://gcbimages.s3.us-west-001.backblazeb2.com/d4/5727/2620990/21087534/o/92a236e5c0574a25889acd0e01b84ab1.jpg,https://admin.double4.ai/d4/staticcontent/admin/web/profile/background/img_acp_background_6698.png,1575,980,800,620,1,"CarPartMissing,FootRest,Antenna",https://gcbimages.s3.us-west-001.backblazeb2.com/d4/5727/2620990/21087534/s/92a236e5c0574a25889acd0e01b84ab1.jpg,https://gcbimages.s3.us-west-001.backblazeb2.com/d4/5727/2620990/21087534/MU/1707908464/92a236e5c0574a25889acd0e01b84ab1.jpg
Homenet,Prestige Subaru_10_Migrated-25031,5TFUM5F14EX058260,https://gcbimages.s3.us-west-001.backblazeb2.com/d4/5209/2645349/21713330/o/65d21c4d9e2e47bb95a199c379c85c32.jpg,https://admin.double4.ai/d4/staticcontent/admin/web/profile/background/img_acp_background_5952.jpg,540,340,320,300,1,FootRest,https://gcbimages.s3.us-west-001.backblazeb2.com/d4/5209/2645349/21713330/s/65d21c4d9e2e47bb95a199c379c85c32.jpg,https://gcbimages.s3.us-west-001.backblazeb2.com/d4/5209/2645349/21713330/MU/1708086656/65d21c4d9e2e47bb95a199c379c85c32.jpg
Homenet,Prestige Subaru_10_Migrated-25031,JF2SKAJC1RH428225,https://gcbimages.s3.us-west-001.backblazeb2.com/d4/5209/2649539/21747105/o/aace53aa475048fda6367d22e1de50cf.jpg,https://admin.double4.ai/d4/staticcontent/admin/web/profile/background/img_acp_background_5952.jpg,540,340,320,300,1,Roof/Rack,https://gcbimages.s3.us-west-001.backblazeb2.com/d4/5209/2649539/21747105/s/aace53aa475048fda6367d22e1de50cf.jpg,https://gcbimages.s3.us-west-001.backblazeb2.com/d4/5209/2649539/21747105/s/aace53aa475048fda6367d22e1de50cf.jpg
Homenet,Connell Chevrolet_6_Migrated-1577,1GB2WLE74RF302761,https://gcbimages.s3.us-west-001.backblazeb2.com/d4/5083/2591261/20291003/o/90c0f847c9c54fc5bd950273ca6a94b8.jpg,https://admin.double4.ai/d4/staticcontent/admin/web/profile/background/img_acp_background_5826.jpg,650,580,600,530,1,"Antenna,CarPartMissing",https://gcbimages.s3.us-west-001.backblazeb2.com/d4/5083/2591261/20291003/s/90c0f847c9c54fc5bd950273ca6a94b8.jpg,https://gcbimages.s3.us-west-001.backblazeb2.com/d4/5083/2591261/20291003/MU/1708006639/90c0f847c9c54fc5bd950273ca6a94b8.jpg
Homenet,Connell Chevrolet_6_Migrated-1578,1GB2WLE74RF302761,https://gcbimages.s3.us-west-001.backblazeb2.com/d4/5083/2591261/20291004/o/274e3f7aa0a3483da60ce0f68f0387bc.jpg,https://admin.double4.ai/d4/staticcontent/admin/web/profile/background/img_acp_background_5826.jpg,1075,580,600,530,1,"Antenna,CarPartMissing",https://gcbimages.s3.us-west-001.backblazeb2.com/d4/5083/2591261/20291004/s/274e3f7aa0a3483da60ce0f68f0387bc.jpg,https://gcbimages.s3.us-west-001.backblazeb2.com/d4/5083/2591261/20291004/MU/1708061040/274e3f7aa0a3483da60ce0f68f0387bc.jpg
Homenet,Connell Chevrolet_6_Migrated-1579,1HTKHPVK1PH445611,https://gcbimages.s3.us-west-001.backblazeb2.com/d4/5083/2510723/18137782/o/bb59412d2b8e48ad8f29da48a3ae50b8.jpg,https://admin.double4.ai/d4/staticcontent/admin/web/profile/background/img_acp_background_5826.jpg,1175,580,600,540,1,"ShadowCleaning,CarPartMissing",https://gcbimages.s3.us-west-001.backblazeb2.com/d4/5083/2510723/18137782/s/bb59412d2b8e48ad8f29da48a3ae50b8.jpg,https://gcbimages.s3.us-west-001.backblazeb2.com/d4/5083/2510723/18137782/MU/1708078815/bb59412d2b8e48ad8f29da48a3ae50b8.jpg
Homenet,Connell Chevrolet_6_Migrated-1580,1HTKHPVK1PH445611,https://gcbimages.s3.us-west-001.backblazeb2.com/d4/5083/2510723/18137779/o/d1299975b322417bb9b177ea6261fe12.jpg,https://admin.double4.ai/d4/staticcontent/admin/web/profile/background/img_acp_background_5826.jpg,650,580,600,530,1,"Antenna,CarPartMissing",https://gcbimages.s3.us-west-001.backblazeb2.com/d4/5083/2510723/18137779/s/d1299975b322417bb9b177ea6261fe12.jpg,https://gcbimages.s3.us-west-001.backblazeb2.com/d4/5083/2510723/18137779/MU/1707992832/d1299975b322417bb9b177ea6261fe12.jpg
Homenet,Connell Chevrolet_6_Migrated-1581,1GB1WLE79RF267677,https://gcbimages.s3.us-west-001.backblazeb2.com/d4/5083/2399136/17139960/o/fae5be277f004385aa436a55d9eb5710.jpg,https://admin.double4.ai/d4/staticcontent/admin/web/profile/background/img_acp_background_5826.jpg,1175,580,600,540,1,"Antenna,CarPartMissing",https://gcbimages.s3.us-west-001.backblazeb2.com/d4/5083/2399136/17139960/s/fae5be277f004385aa436a55d9eb5710.jpg,https://gcbimages.s3.us-west-001.backblazeb2.com/d4/5083/2399136/17139960/MU/1708007081/fae5be277f004385aa436a55d9eb5710.jpg
Homenet,Connell Chevrolet_6_Migrated-1582,1HTKHPVK3PH445612,https://gcbimages.s3.us-west-001.backblazeb2.com/d4/5083/2361613/18911641/o/c4b6de8c45574efabe63287d910f151c.jpg,https://admin.double4.ai/d4/staticcontent/admin/web/profile/background/img_acp_background_5826.jpg,1075,580,600,530,1,"Antenna,CarPartMissing,ExtraPartsVisible",https://gcbimages.s3.us-west-001.backblazeb2.com/d4/5083/2361613/18911641/s/c4b6de8c45574efabe63287d910f151c.jpg,https://gcbimages.s3.us-west-001.backblazeb2.com/d4/5083/2361613/18911641/MU/1708080074/c4b6de8c45574efabe63287d910f151c.jpg
Homenet,Connell Chevrolet_6_Migrated-1583,1HTKHPVK3PH445612,https://gcbimages.s3.us-west-001.backblazeb2.com/d4/5083/2361613/18911645/o/2e5904cb10de419a884652b82b767717.jpg,https://admin.double4.ai/d4/staticcontent/admin/web/profile/background/img_acp_background_5826.jpg,1175,580,600,540,1,"Antenna,CarPartMissing,ExtraPartsVisible",https://gcbimages.s3.us-west-001.backblazeb2.com/d4/5083/2361613/18911645/s/2e5904cb10de419a884652b82b767717.jpg,https://gcbimages.s3.us-west-001.backblazeb2.com/d4/5083/2361613/18911645/MU/1708004973/2e5904cb10de419a884652b82b767717.jpg
Homenet,South San Antonio Buick GMC-9086257,1C4GJXAN6LW282614,https://gcbimages.s3.us-west-001.backblazeb2.com/d4/4377/2637273/21441683/o/4276814ad8c5408f934c0c846b86c27a.jpg,https://admin.double4.ai/d4/staticcontent/admin/web/profile/background/img_acp_background_5103.jpg,1375,950,800,660,1,"Antenna,ShadowClean",https://gcbimages.s3.us-west-001.backblazeb2.com/d4/4377/2637273/21441683/s/4276814ad8c5408f934c0c846b86c27a.jpg,https://gcbimages.s3.us-west-001.backblazeb2.com/d4/4377/2637273/21441683/MU/1707904660/4276814ad8c5408f934c0c846b86c27a.jpg
Homenet,South San Antonio Buick GMC-9086258,1FMEE5DP4PLB45283,https://gcbimages.s3.us-west-001.backblazeb2.com/d4/4377/2587051/20257883/o/d771391075b8464b9787ee1a28ff5145.jpg,https://admin.double4.ai/d4/staticcontent/admin/web/profile/background/img_acp_background_5103.jpg,1375,950,800,660,1,"CarPartMissing,ShadowCleaning",https://gcbimages.s3.us-west-001.backblazeb2.com/d4/4377/2587051/20257883/s/d771391075b8464b9787ee1a28ff5145.jpg,https://gcbimages.s3.us-west-001.backblazeb2.com/d4/4377/2587051/20257883/MU/1707336733/d771391075b8464b9787ee1a28ff5145.jpg
Homenet,Northwest Autohub_5_Migrated-9056559,JF1GV7E60BG513920,https://gcbimages.s3.us-west-001.backblazeb2.com/d4/5067/2637217/21441213/o/1591062b7f6243d2bcdfed58cfd085e1.jpg,https://admin.double4.ai/d4/staticcontent/admin/web/profile/background/img_acp_background_5810.jpg,1500,925,800,680,1,"Antenna,CarPartMissing",https://gcbimages.s3.us-west-001.backblazeb2.com/d4/5067/2637217/21441213/s/1591062b7f6243d2bcdfed58cfd085e1.jpg,https://gcbimages.s3.us-west-001.backblazeb2.com/d4/5067/2637217/21441213/MU/1707813015/1591062b7f6243d2bcdfed58cfd085e1.jpg
Homenet,Northwest Autohub_5_Migrated-9056559,JF1GV7E60BG513920,https://gcbimages.s3.us-west-001.backblazeb2.com/d4/5067/2637217/21441204/o/1edfd6030bb74906b073f11223e35ce1.jpg,https://admin.double4.ai/d4/staticcontent/admin/web/profile/background/img_acp_background_5810.jpg,1500,925,800,680,1,"Antenna,CarPartMissing",https://gcbimages.s3.us-west-001.backblazeb2.com/d4/5067/2637217/21441204/s/1edfd6030bb74906b073f11223e35ce1.jpg,https://gcbimages.s3.us-west-001.backblazeb2.com/d4/5067/2637217/21441204/MU/1707808872/1edfd6030bb74906b073f11223e35ce1.jpg
Homenet,North Country Ford Lincoln-10875,1FTBW3XK5NKA00247,https://gcbimages.s3.us-west-001.backblazeb2.com/d4/3298/2511484/18151955/o/9a1433655ef344c294143eaacc6be710.jpg,https://admin.double4.ai/d4/staticcontent/admin/web/profile/background/img_acp_background_4056.jpg,1500,1050,800,610,1,"Antenna,ShadowCleaning",https://gcbimages.s3.us-west-001.backblazeb2.com/d4/3298/2511484/18151955/s/9a1433655ef344c294143eaacc6be710.jpg,https://gcbimages.s3.us-west-001.backblazeb2.com/d4/3298/2511484/18151955/MU/1706564335/9a1433655ef344c294143eaacc6be710.jpg
Homenet,North Country Ford Lincoln-10876,2FMPK4K94RBA39015,https://gcbimages.s3.us-west-001.backblazeb2.com/d4/3298/2500967/17992028/o/dde6975d97874da6b3e0f39a4ba7384b.jpg,https://admin.double4.ai/d4/staticcontent/admin/web/profile/background/img_acp_background_4056.jpg,1500,1050,800,610,1,"ShadowCleaning,ExtraPartsVisible",https://gcbimages.s3.us-west-001.backblazeb2.com/d4/3298/2500967/17992028/s/dde6975d97874da6b3e0f39a4ba7384b.jpg,https://gcbimages.s3.us-west-001.backblazeb2.com/d4/3298/2500967/17992028/MU/1706101658/dde6975d97874da6b3e0f39a4ba7384b.jpg
Homenet,North Country Ford Lincoln-10877,1FT8W3BT8LEC41712,https://gcbimages.s3.us-west-001.backblazeb2.com/d4/3298/2489937/17896808/o/61b1947217a94eeaaa5efa5e89dcb11d.jpg,https://admin.double4.ai/d4/staticcontent/admin/web/profile/background/img_acp_background_4056.jpg,1500,1050,800,610,1,"ShadowCleaning,ExtraPartsVisible",https://gcbimages.s3.us-west-001.backblazeb2.com/d4/3298/2489937/17896808/s/61b1947217a94eeaaa5efa5e89dcb11d.jpg,https://gcbimages.s3.us-west-001.backblazeb2.com/d4/3298/2489937/17896808/MU/1705910502/61b1947217a94eeaaa5efa5e89dcb11d.jpg
Homenet,North Country Ford Lincoln-10878,1FTEW1E8XPFC32332,https://gcbimages.s3.us-west-001.backblazeb2.com/d4/3298/2557502/19064864/o/713c1046ff9345ac9ca380d8c4b148b0.jpg,https://admin.double4.ai/d4/staticcontent/admin/web/profile/background/img_acp_background_4056.jpg,1500,1050,800,610,1,"ShadowCleaning,AntennaMissing",https://gcbimages.s3.us-west-001.backblazeb2.com/d4/3298/2557502/19064864/s/713c1046ff9345ac9ca380d8c4b148b0.jpg,https://gcbimages.s3.us-west-001.backblazeb2.com/d4/3298/2557502/19064864/MU/1706675904/713c1046ff9345ac9ca380d8c4b148b0.jpg
Homenet,North Country Ford Lincoln-10879,1FTFW1EG2FFB70113,https://gcbimages.s3.us-west-001.backblazeb2.com/d4/3298/2602435/20646107/o/f6aeb3f8e9f3465891332f508a97e79b.jpg,https://admin.double4.ai/d4/staticcontent/admin/web/profile/background/img_acp_background_4056.jpg,1500,1050,800,610,1,FoorRest,https://gcbimages.s3.us-west-001.backblazeb2.com/d4/3298/2602435/20646107/s/f6aeb3f8e9f3465891332f508a97e79b.jpg,https://gcbimages.s3.us-west-001.backblazeb2.com/d4/3298/2602435/20646107/MU/1707213715/f6aeb3f8e9f3465891332f508a97e79b.jpg
Homenet,Mazda Houston_9999_Migrated-9022746,7MMVABXY0RN189873,https://gcbimages.s3.us-west-001.backblazeb2.com/d4/5245/2639580/21579105/o/b46c1f1b1333484ba2a3db76f12d567e.jpg,https://admin.double4.ai/d4/staticcontent/admin/web/profile/background/img_acp_background_5988.jpg,560,340,320,300,1,Roof/Rack,https://gcbimages.s3.us-west-001.backblazeb2.com/d4/5245/2639580/21579105/s/b46c1f1b1333484ba2a3db76f12d567e.jpg,https://gcbimages.s3.us-west-001.backblazeb2.com/d4/5245/2639580/21579105/MU/1708068293/b46c1f1b1333484ba2a3db76f12d567e.jpg
Homenet,Mazda Houston_9999_Migrated-9022747,7MMVABXY0RN189873,https://gcbimages.s3.us-west-001.backblazeb2.com/d4/5245/2639580/21579111/o/444344ddc63d4dd291cb30f6698ddbd6.jpg,https://admin.double4.ai/d4/staticcontent/admin/web/profile/background/img_acp_background_5988.jpg,560,340,320,300,1,Roof/Rack,https://gcbimages.s3.us-west-001.backblazeb2.com/d4/5245/2639580/21579111/s/444344ddc63d4dd291cb30f6698ddbd6.jpg,https://gcbimages.s3.us-west-001.backblazeb2.com/d4/5245/2639580/21579111/MU/1708068172/444344ddc63d4dd291cb30f6698ddbd6.jpg
Homenet,Mazda Houston_9999_Migrated-9022748,7MMVABXY0RN189873,https://gcbimages.s3.us-west-001.backblazeb2.com/d4/5245/2639580/21579119/o/fd8371b8ead6455f988d8e9deba167c1.jpg,https://admin.double4.ai/d4/staticcontent/admin/web/profile/background/img_acp_background_5988.jpg,610,340,320,300,1,Roof/Rack,https://gcbimages.s3.us-west-001.backblazeb2.com/d4/5245/2639580/21579119/s/fd8371b8ead6455f988d8e9deba167c1.jpg,https://gcbimages.s3.us-west-001.backblazeb2.com/d4/5245/2639580/21579119/MU/1707982432/fd8371b8ead6455f988d8e9deba167c1.jpg
Homenet,Bloomington Acura Subaru-10843,4S4BTANCXL3209530,https://gcbimages.s3.us-west-001.backblazeb2.com/d4/3314/2407400/17205049/o/da4158fa1e6649e593e11017c7387342.jpg,https://admin.double4.ai/d4/staticcontent/admin/web/profile/background/img_acp_background_4072.jpg,1500,1075,800,610,1,Roof/Rack,https://gcbimages.s3.us-west-001.backblazeb2.com/d4/3314/2407400/17205049/s/da4158fa1e6649e593e11017c7387342.jpg,https://gcbimages.s3.us-west-001.backblazeb2.com/d4/3314/2407400/17205049/MU/1704279417/da4158fa1e6649e593e11017c7387342.jpg
Homenet,Bloomington Acura Subaru-10844,4S4BTANCXL3209530,https://gcbimages.s3.us-west-001.backblazeb2.com/d4/3314/2407400/17205045/o/b7675983e4e4431baf99b2568432ed2d.jpg,https://admin.double4.ai/d4/staticcontent/admin/web/profile/background/img_acp_background_4072.jpg,1500,1075,800,610,1,Roof/Rack,https://gcbimages.s3.us-west-001.backblazeb2.com/d4/3314/2407400/17205045/s/b7675983e4e4431baf99b2568432ed2d.jpg,https://gcbimages.s3.us-west-001.backblazeb2.com/d4/3314/2407400/17205045/MU/1704288990/b7675983e4e4431baf99b2568432ed2d.jpg
Homenet,Bloomington Acura Subaru-10845,4S4BTACC8L3152022,https://gcbimages.s3.us-west-001.backblazeb2.com/d4/3314/2235689/21889030/o/3db5d5a03bce4318bda675421f952893.jpg,https://admin.double4.ai/d4/staticcontent/admin/web/profile/background/img_acp_background_4072.jpg,1570,1075,800,670,1,Roof/Rack,https://gcbimages.s3.us-west-001.backblazeb2.com/d4/3314/2235689/21889030/s/3db5d5a03bce4318bda675421f952893.jpg,https://gcbimages.s3.us-west-001.backblazeb2.com/d4/3314/2235689/21889030/MU/1708202416/3db5d5a03bce4318bda675421f952893.jpg
Homenet,Bloomington Acura Subaru-10846,4S4BTAECXL3117317,https://gcbimages.s3.us-west-001.backblazeb2.com/d4/3314/2225740/15657088/o/35e3114bee3047c7ade2a873b85b59f3.jpg,https://admin.double4.ai/d4/staticcontent/admin/web/profile/background/img_acp_background_4072.jpg,1500,1075,800,610,1,Roof/Rack,https://gcbimages.s3.us-west-001.backblazeb2.com/d4/3314/2225740/15657088/s/35e3114bee3047c7ade2a873b85b59f3.jpg,https://gcbimages.s3.us-west-001.backblazeb2.com/d4/3314/2225740/15657088/MU/1701099080/35e3114bee3047c7ade2a873b85b59f3.jpg
Homenet,Paul Miller Volkswagen of Bernardsville-577,1V2BR2CAXRC509697,https://gcbimages.s3.us-west-001.backblazeb2.com/d4/3650/2607430/20781258/o/c0f5b0b3f1564aee88a39387af43e31d.jpg,https://admin.double4.ai/d4/staticcontent/admin/web/profile/background/img_acp_background_4428.jpg,1450,875,800,600,1,Roof/Rack,https://gcbimages.s3.us-west-001.backblazeb2.com/d4/3650/2607430/20781258/s/c0f5b0b3f1564aee88a39387af43e31d.jpg,https://gcbimages.s3.us-west-001.backblazeb2.com/d4/3650/2607430/20781258/MU/1707294058/c0f5b0b3f1564aee88a39387af43e31d.jpg
Homenet,Paul Miller Volkswagen of Bernardsville-578,JM1NC2EF9A0205792,https://gcbimages.s3.us-west-001.backblazeb2.com/d4/3650/2464910/17674331/o/d51a9ce232644bd2b65704a1ca1b3b5a.jpg,https://admin.double4.ai/d4/staticcontent/admin/web/profile/background/img_acp_background_4428.jpg,1000,950,800,600,1,Antenna,https://gcbimages.s3.us-west-001.backblazeb2.com/d4/3650/2464910/17674331/s/d51a9ce232644bd2b65704a1ca1b3b5a.jpg,https://gcbimages.s3.us-west-001.backblazeb2.com/d4/3650/2464910/17674331/MU/1706080655/d51a9ce232644bd2b65704a1ca1b3b5a.jpg
Homenet,Paul Miller Volkswagen of Bernardsville-579,1C4NJDEB3GD767865,https://gcbimages.s3.us-west-001.backblazeb2.com/d4/3650/2256322/21883221/o/0a71fa7ecd3e46a08a81ddfb0195d6d6.jpg,https://admin.double4.ai/d4/staticcontent/admin/web/profile/background/img_acp_background_4428.jpg,1450,875,800,600,1,Antenna,https://gcbimages.s3.us-west-001.backblazeb2.com/d4/3650/2256322/21883221/s/0a71fa7ecd3e46a08a81ddfb0195d6d6.jpg,https://gcbimages.s3.us-west-001.backblazeb2.com/d4/3650/2256322/21883221/MU/1707981566/0a71fa7ecd3e46a08a81ddfb0195d6d6.jpg
Homenet,Paul Miller Volkswagen of Bernardsville-580,1C4NJDEB3GD767865,https://gcbimages.s3.us-west-001.backblazeb2.com/d4/3650/2256322/21883199/o/7ad70faed54043979d536788a9445c1a.jpg,https://admin.double4.ai/d4/staticcontent/admin/web/profile/background/img_acp_background_4428.jpg,1550,1000,800,620,1,Antenna,https://gcbimages.s3.us-west-001.backblazeb2.com/d4/3650/2256322/21883199/s/7ad70faed54043979d536788a9445c1a.jpg,https://gcbimages.s3.us-west-001.backblazeb2.com/d4/3650/2256322/21883199/MU/1707981676/7ad70faed54043979d536788a9445c1a.jpg
Homenet,Deacon Jones Nissan-21420,5N1AZ2BJ4PC111893,https://gcbimages.s3.us-west-001.backblazeb2.com/d4/4177/2650209/21752936/o/e70a9f1ffaea4a708c544729a07982bd.jpg,https://admin.double4.ai/d4/staticcontent/admin/web/profile/background/img_acp_background_4778.jpg,550,340,320,265,1,CarPartMissing,https://gcbimages.s3.us-west-001.backblazeb2.com/d4/4177/2650209/21752936/s/e70a9f1ffaea4a708c544729a07982bd.jpg,https://gcbimages.s3.us-west-001.backblazeb2.com/d4/4177/2650209/21752936/MU/1708042068/e70a9f1ffaea4a708c544729a07982bd.jpg
Homenet,Prestige Subaru_10_Migrated-25031,1FT7X2B62CEB19859,https://gcbimages.s3.us-west-001.backblazeb2.com/d4/5209/2551546/20944480/o/3c401a5d0a20449db89797ed00946d9d.jpg,https://admin.double4.ai/d4/staticcontent/admin/web/profile/background/img_acp_background_5952.jpg,540,340,320,300,1,"CarPartMissing,Roof/Rack",https://gcbimages.s3.us-west-001.backblazeb2.com/d4/5209/2551546/20944480/s/3c401a5d0a20449db89797ed00946d9d.jpg,https://gcbimages.s3.us-west-001.backblazeb2.com/d4/5209/2551546/20944480/s/3c401a5d0a20449db89797ed00946d9d.jpg
Homenet,Prestige Subaru_10_Migrated-25032,1FT7X2B62CEB19859,https://gcbimages.s3.us-west-001.backblazeb2.com/d4/5209/2551546/20944469/o/ec2a962e8b5243eb88b5b4f64e89a8ce.jpg,https://admin.double4.ai/d4/staticcontent/admin/web/profile/background/img_acp_background_5952.jpg,540,340,320,300,1,"CarPartMissing,Roof/Rack",https://gcbimages.s3.us-west-001.backblazeb2.com/d4/5209/2551546/20944469/s/ec2a962e8b5243eb88b5b4f64e89a8ce.jpg,https://gcbimages.s3.us-west-001.backblazeb2.com/d4/5209/2551546/20944469/MU/1707747725/ec2a962e8b5243eb88b5b4f64e89a8ce.jpg
Homenet,Prestige Subaru_10_Migrated-25033,1FT7X2B62CEB19859,https://gcbimages.s3.us-west-001.backblazeb2.com/d4/5209/2551546/19149062/o/b1fd42073512478cb6df579ee4ce60b3.jpg,https://admin.double4.ai/d4/staticcontent/admin/web/profile/background/img_acp_background_5952.jpg,375,340,320,300,1,"Antenna,Roof/Rack",https://gcbimages.s3.us-west-001.backblazeb2.com/d4/5209/2551546/19149062/s/b1fd42073512478cb6df579ee4ce60b3.jpg,https://gcbimages.s3.us-west-001.backblazeb2.com/d4/5209/2551546/19149062/MU/1707414763/b1fd42073512478cb6df579ee4ce60b3.jpg
Homenet,Prestige Subaru_10_Migrated-25034,1FT7X2B62CEB19859,https://gcbimages.s3.us-west-001.backblazeb2.com/d4/5209/2551546/19149061/o/6f8e3c390af440a3a9303885eb26cc95.jpg,https://admin.double4.ai/d4/staticcontent/admin/web/profile/background/img_acp_background_5952.jpg,540,340,320,300,1,"FootRest,Antenna,Roof/Rack",https://gcbimages.s3.us-west-001.backblazeb2.com/d4/5209/2551546/19149061/s/6f8e3c390af440a3a9303885eb26cc95.jpg,https://gcbimages.s3.us-west-001.backblazeb2.com/d4/5209/2551546/19149061/MU/1707724256/6f8e3c390af440a3a9303885eb26cc95.jpg
Homenet,Hudson Chevrolet GMC-10877,1GC5YMEY9NF267758,https://gcbimages.s3.us-west-001.backblazeb2.com/d4/3286/2647978/21734466/o/4c2f05a435684f8f96e3d0e82f5de7e5.jpg,https://admin.double4.ai/d4/staticcontent/admin/web/profile/background/img_acp_background_4044.jpg,1520,1075,800,615,1,"Antenna,Roof/Rack",https://gcbimages.s3.us-west-001.backblazeb2.com/d4/3286/2647978/21734466/s/4c2f05a435684f8f96e3d0e82f5de7e5.jpg,https://gcbimages.s3.us-west-001.backblazeb2.com/d4/3286/2647978/21734466/MU/1708085532/4c2f05a435684f8f96e3d0e82f5de7e5.jpg
Homenet,Hudson Chevrolet GMC-10878,1GC5YMEY9NF267758,https://gcbimages.s3.us-west-001.backblazeb2.com/d4/3286/2647978/21734468/o/594db8f3cfd34550852df828eacba98a.jpg,https://admin.double4.ai/d4/staticcontent/admin/web/profile/background/img_acp_background_4044.jpg,1520,1075,800,615,1,"Antenna,Roof/Rack",https://gcbimages.s3.us-west-001.backblazeb2.com/d4/3286/2647978/21734468/s/594db8f3cfd34550852df828eacba98a.jpg,https://gcbimages.s3.us-west-001.backblazeb2.com/d4/3286/2647978/21734468/MU/1708089011/594db8f3cfd34550852df828eacba98a.jpg
Homenet,Hudson Chevrolet GMC-10879,1GT39SE71RF296774,https://gcbimages.s3.us-west-001.backblazeb2.com/d4/3286/2352572/16753464/o/9bd87c1a0e464dfcaf037f3e4a749195.jpg,https://admin.double4.ai/d4/staticcontent/admin/web/profile/background/img_acp_background_4044.jpg,1050,1050,800,615,1,"Antenna,Roof/Rack",https://gcbimages.s3.us-west-001.backblazeb2.com/d4/3286/2352572/16753464/s/9bd87c1a0e464dfcaf037f3e4a749195.jpg,https://gcbimages.s3.us-west-001.backblazeb2.com/d4/3286/2352572/16753464/MU/1703168011/9bd87c1a0e464dfcaf037f3e4a749195.jpg
Homenet,Hudson Chevrolet GMC-10880,1GTUUHEL5RZ204082,https://gcbimages.s3.us-west-001.backblazeb2.com/d4/3286/2352566/16753354/o/e03a2349ab70492188d16bb3cb482886.jpg,https://admin.double4.ai/d4/staticcontent/admin/web/profile/background/img_acp_background_4044.jpg,1050,1050,800,615,1,"Antenna,Roof/Rack",https://gcbimages.s3.us-west-001.backblazeb2.com/d4/3286/2352566/16753354/s/e03a2349ab70492188d16bb3cb482886.jpg,https://gcbimages.s3.us-west-001.backblazeb2.com/d4/3286/2352566/16753354/MU/1703165791/e03a2349ab70492188d16bb3cb482886.jpg
Homenet,Bill Penney Toyota-13104,5N1AN0NW4FN657300,https://gcbimages.s3.us-west-001.backblazeb2.com/d4/3785/2414537/17265269/o/38f2cc0b337541ec813ed6dc09efd1d9.jpg,https://admin.double4.ai/d4/staticcontent/admin/web/profile/background/img_acp_background_4570.jpg,1400,725,800,480,1,"Antenna,Roof/Rack,CarPartMissing",https://gcbimages.s3.us-west-001.backblazeb2.com/d4/3785/2414537/17265269/s/38f2cc0b337541ec813ed6dc09efd1d9.jpg,https://gcbimages.s3.us-west-001.backblazeb2.com/d4/3785/2414537/17265269/MU/1705408362/38f2cc0b337541ec813ed6dc09efd1d9.jpg
Homenet,Bill Penney Toyota-13104,5N1AN0NW4FN657300,https://gcbimages.s3.us-west-001.backblazeb2.com/d4/3785/2414537/17265270/o/99088dec3af246a5a787d66011cb990a.jpg,https://admin.double4.ai/d4/staticcontent/admin/web/profile/background/img_acp_background_4570.jpg,1450,725,800,480,1,"Antenna,Roof/Rack",https://gcbimages.s3.us-west-001.backblazeb2.com/d4/3785/2414537/17265270/s/99088dec3af246a5a787d66011cb990a.jpg,https://gcbimages.s3.us-west-001.backblazeb2.com/d4/3785/2414537/17265270/MU/1705401770/99088dec3af246a5a787d66011cb990a.jpg
Homenet,Deacon Jones Chrysler Jeep Dodge Ram-9023584,1GCPYFED0LZ319307,https://gcbimages.s3.us-west-001.backblazeb2.com/d4/4183/2632744/21297925/o/90ead8224adc4fe392a97d0d4bad22ff.jpg,https://admin.double4.ai/d4/staticcontent/admin/web/profile/background/img_acp_background_4784.jpg,550,340,320,265,1,"Antenna,Roof/Rack",https://gcbimages.s3.us-west-001.backblazeb2.com/d4/4183/2632744/21297925/s/90ead8224adc4fe392a97d0d4bad22ff.jpg,https://gcbimages.s3.us-west-001.backblazeb2.com/d4/4183/2632744/21297925/MU/1707545978/90ead8224adc4fe392a97d0d4bad22ff.jpg
Homenet,Deacon Jones Chrysler Jeep Dodge Ram-9023585,1GCPYFED0LZ319307,https://gcbimages.s3.us-west-001.backblazeb2.com/d4/4183/2632744/21297912/o/57b3af3ae0e34045a5091d8daab848cb.jpg,https://admin.double4.ai/d4/staticcontent/admin/web/profile/background/img_acp_background_4784.jpg,550,550,320,265,1,"Antenna,Roof/Rack",https://gcbimages.s3.us-west-001.backblazeb2.com/d4/4183/2632744/21297912/s/57b3af3ae0e34045a5091d8daab848cb.jpg,https://gcbimages.s3.us-west-001.backblazeb2.com/d4/4183/2632744/21297912/MU/1707854664/57b3af3ae0e34045a5091d8daab848cb.jpg
Homenet,Deacon Jones Chrysler Jeep Dodge Ram-9023586,1FT8W4DT8LEC30986,https://gcbimages.s3.us-west-001.backblazeb2.com/d4/4183/2600331/20631038/o/09de910ac64f461a993540f0fa4158ec.jpg,https://admin.double4.ai/d4/staticcontent/admin/web/profile/background/img_acp_background_4784.jpg,550,550,320,265,1,"Antenna,CarPartMissing",https://gcbimages.s3.us-west-001.backblazeb2.com/d4/4183/2600331/20631038/s/09de910ac64f461a993540f0fa4158ec.jpg,https://gcbimages.s3.us-west-001.backblazeb2.com/d4/4183/2600331/20631038/MU/1707385422/09de910ac64f461a993540f0fa4158ec.jpg
Homenet,Deacon Jones Chrysler Jeep Dodge Ram-9023587,1FT8W4DT8LEC30986,https://gcbimages.s3.us-west-001.backblazeb2.com/d4/4183/2600331/20631031/o/e78d8be6978848449aec6af94314d528.jpg,https://admin.double4.ai/d4/staticcontent/admin/web/profile/background/img_acp_background_4784.jpg,390,350,320,265,1,CarPartMissing,https://gcbimages.s3.us-west-001.backblazeb2.com/d4/4183/2600331/20631031/s/e78d8be6978848449aec6af94314d528.jpg,https://gcbimages.s3.us-west-001.backblazeb2.com/d4/4183/2600331/20631031/MU/1707375296/e78d8be6978848449aec6af94314d528.jpg
Homenet,Deacon Jones Chrysler Jeep Dodge Ram-9023588,3C7WR9CL7RG113532,https://gcbimages.s3.us-west-001.backblazeb2.com/d4/4183/2564726/19145742/o/2d53886145154700ade209bdba14994f.jpg,https://admin.double4.ai/d4/staticcontent/admin/web/profile/background/img_acp_background_4784.jpg,550,550,320,265,1,CarPartMissing,https://gcbimages.s3.us-west-001.backblazeb2.com/d4/4183/2564726/19145742/s/2d53886145154700ade209bdba14994f.jpg,https://gcbimages.s3.us-west-001.backblazeb2.com/d4/4183/2564726/19145742/MU/1706884856/2d53886145154700ade209bdba14994f.jpg
Homenet,Deacon Jones Chrysler Jeep Dodge Ram-9023589,3C7WR9CL7RG113532,https://gcbimages.s3.us-west-001.backblazeb2.com/d4/4183/2564726/19145732/o/2a4b5c2538ef4fdca334cc7b44e30b50.jpg,https://admin.double4.ai/d4/staticcontent/admin/web/profile/background/img_acp_background_4784.jpg,610,350,320,265,1,"CarPartMissing,ShadowCleaning",https://gcbimages.s3.us-west-001.backblazeb2.com/d4/4183/2564726/19145732/s/2a4b5c2538ef4fdca334cc7b44e30b50.jpg,https://gcbimages.s3.us-west-001.backblazeb2.com/d4/4183/2564726/19145732/MU/1706884946/2a4b5c2538ef4fdca334cc7b44e30b50.jpg
Homenet,J.P. Motor Sales-9085915,1ZVBP8EM0B5113691,https://gcbimages.s3.us-west-001.backblazeb2.com/d4/3813/2612031/20913927/o/1b8a61d1dea74173bcea026b10e211f1.jpg,https://admin.double4.ai/d4/staticcontent/admin/web/profile/background/img_acp_background_4648.jpg,1400,950,800,625,1,"Antenna,CarPartMissing",https://gcbimages.s3.us-west-001.backblazeb2.com/d4/3813/2612031/20913927/s/1b8a61d1dea74173bcea026b10e211f1.jpg,https://gcbimages.s3.us-west-001.backblazeb2.com/d4/3813/2612031/20913927/MU/1707571666/1b8a61d1dea74173bcea026b10e211f1.jpg
Homenet,J.P. Motor Sales-9085916,1ZVBP8EM0B5113691,https://gcbimages.s3.us-west-001.backblazeb2.com/d4/3813/2612031/20913920/o/bb0693a0329d40a5b2510306b1f6f350.jpg,https://admin.double4.ai/d4/staticcontent/admin/web/profile/background/img_acp_background_4648.jpg,1025,950,800,625,1,"Antenna,CarPartMissing",https://gcbimages.s3.us-west-001.backblazeb2.com/d4/3813/2612031/20913920/s/bb0693a0329d40a5b2510306b1f6f350.jpg,https://gcbimages.s3.us-west-001.backblazeb2.com/d4/3813/2612031/20913920/MU/1707493967/bb0693a0329d40a5b2510306b1f6f350.jpg
Homenet,J.P. Motor Sales-9085917,ZFBERFDB5H6E43978,https://gcbimages.s3.us-west-001.backblazeb2.com/d4/3813/2574306/20029166/o/73199dd67f00456c96756cbe7d93d998.jpg,https://admin.double4.ai/d4/staticcontent/admin/web/profile/background/img_acp_background_4648.jpg,1400,950,800,625,1,"Antenna,Roof/Rack",https://gcbimages.s3.us-west-001.backblazeb2.com/d4/3813/2574306/20029166/s/73199dd67f00456c96756cbe7d93d998.jpg,https://gcbimages.s3.us-west-001.backblazeb2.com/d4/3813/2574306/20029166/MU/1707192669/73199dd67f00456c96756cbe7d93d998.jpg
Homenet,J.P. Motor Sales-9085918,ZFBERFDB5H6E43978,https://gcbimages.s3.us-west-001.backblazeb2.com/d4/3813/2574306/20029161/o/f2eb06c3704347b784e100532cae903d.jpg,https://admin.double4.ai/d4/staticcontent/admin/web/profile/background/img_acp_background_4648.jpg,1400,950,800,625,1,"Antenna,Roof/Rack",https://gcbimages.s3.us-west-001.backblazeb2.com/d4/3813/2574306/20029161/s/f2eb06c3704347b784e100532cae903d.jpg,https://gcbimages.s3.us-west-001.backblazeb2.com/d4/3813/2574306/20029161/MU/1707193595/f2eb06c3704347b784e100532cae903d.jpg
Homenet,J.P. Motor Sales-9085919,JTDKARFP4J3081258,https://gcbimages.s3.us-west-001.backblazeb2.com/d4/3813/2448098/20631896/o/38b354e4b17740bda573806e1cf62740.jpg,https://admin.double4.ai/d4/staticcontent/admin/web/profile/background/img_acp_background_4648.jpg,1400,950,800,625,1,Roof/Rack,https://gcbimages.s3.us-west-001.backblazeb2.com/d4/3813/2448098/20631896/s/38b354e4b17740bda573806e1cf62740.jpg,https://gcbimages.s3.us-west-001.backblazeb2.com/d4/3813/2448098/20631896/MU/1707397869/38b354e4b17740bda573806e1cf62740.jpg
Homenet,J.P. Motor Sales-9085920,JTDKARFP4J3081258,https://gcbimages.s3.us-west-001.backblazeb2.com/d4/3813/2448098/20631892/o/b76f12c831ec4d2bbd3c818ee4d6889a.jpg,https://admin.double4.ai/d4/staticcontent/admin/web/profile/background/img_acp_background_4648.jpg,1400,950,800,625,1,Roof/Rack,https://gcbimages.s3.us-west-001.backblazeb2.com/d4/3813/2448098/20631892/s/b76f12c831ec4d2bbd3c818ee4d6889a.jpg,https://gcbimages.s3.us-west-001.backblazeb2.com/d4/3813/2448098/20631892/MU/1707364640/b76f12c831ec4d2bbd3c818ee4d6889a.jpg
Homenet,Van Horn Hyundai-26273,KMTG34TA2NU103357,https://gcbimages.s3.us-west-001.backblazeb2.com/d4/3229/2675286/22355411/o/6fac14b3e4aa42cdb27bca5e0c6fa846.jpg,https://admin.double4.ai/d4/staticcontent/admin/web/profile/background/img_acp_background_3931.jpg,1325,1000,800,750,0,,https://gcbimages.s3.us-west-001.backblazeb2.com/d4/3229/2675286/22355411/s/6fac14b3e4aa42cdb27bca5e0c6fa846.jpg,https://gcbimages.s3.us-west-001.backblazeb2.com/d4/3229/2675286/22355411/s/6fac14b3e4aa42cdb27bca5e0c6fa846.jpg
Homenet,Van Horn Hyundai-26274,KMTG34TA2NU103357,https://gcbimages.s3.us-west-001.backblazeb2.com/d4/3229/2675286/22355351/o/9e73872cbfb746c4a83e43bf16b7034a.jpg,https://admin.double4.ai/d4/staticcontent/admin/web/profile/background/img_acp_background_3931.jpg,1500,1000,800,750,0,,https://gcbimages.s3.us-west-001.backblazeb2.com/d4/3229/2675286/22355351/s/9e73872cbfb746c4a83e43bf16b7034a.jpg,https://gcbimages.s3.us-west-001.backblazeb2.com/d4/3229/2675286/22355351/s/9e73872cbfb746c4a83e43bf16b7034a.jpg
Homenet,Van Horn Hyundai-26275,3PCAJ5BBXPF106805,https://gcbimages.s3.us-west-001.backblazeb2.com/d4/3229/2675285/22355342/o/69100f3094a243ddbe02f7433e02efdb.jpg,https://admin.double4.ai/d4/staticcontent/admin/web/profile/background/img_acp_background_3931.jpg,1325,1000,800,750,0,,https://gcbimages.s3.us-west-001.backblazeb2.com/d4/3229/2675285/22355342/s/69100f3094a243ddbe02f7433e02efdb.jpg,https://gcbimages.s3.us-west-001.backblazeb2.com/d4/3229/2675285/22355342/s/69100f3094a243ddbe02f7433e02efdb.jpg
Homenet,Van Horn Hyundai-26276,3PCAJ5BBXPF106805,https://gcbimages.s3.us-west-001.backblazeb2.com/d4/3229/2675285/22355256/o/2120d41c11714f6ab4043aea7494939a.jpg,https://admin.double4.ai/d4/staticcontent/admin/web/profile/background/img_acp_background_3931.jpg,950,950,800,750,0,,https://gcbimages.s3.us-west-001.backblazeb2.com/d4/3229/2675285/22355256/s/2120d41c11714f6ab4043aea7494939a.jpg,https://gcbimages.s3.us-west-001.backblazeb2.com/d4/3229/2675285/22355256/s/2120d41c11714f6ab4043aea7494939a.jpg
Homenet,Van Horn Hyundai-26277,3PCAJ5BBXPF106805,https://gcbimages.s3.us-west-001.backblazeb2.com/d4/3229/2675285/22355251/o/41874ff9093d4a4bb27eabdc11d06fa4.jpg,https://admin.double4.ai/d4/staticcontent/admin/web/profile/background/img_acp_background_3931.jpg,1500,1000,800,750,0,,https://gcbimages.s3.us-west-001.backblazeb2.com/d4/3229/2675285/22355251/s/41874ff9093d4a4bb27eabdc11d06fa4.jpg,https://gcbimages.s3.us-west-001.backblazeb2.com/d4/3229/2675285/22355251/s/41874ff9093d4a4bb27eabdc11d06fa4.jpg
Homenet,Van Horn Hyundai-26278,KMHL14JA9RA369189,https://gcbimages.s3.us-west-001.backblazeb2.com/d4/3229/2669764/22211271/o/7767a2ee776f410d8fff3fa0e05fb3fe.jpg,https://admin.double4.ai/d4/staticcontent/admin/web/profile/background/img_acp_background_3931.jpg,1325,1000,800,750,0,,https://gcbimages.s3.us-west-001.backblazeb2.com/d4/3229/2669764/22211271/s/7767a2ee776f410d8fff3fa0e05fb3fe.jpg,https://gcbimages.s3.us-west-001.backblazeb2.com/d4/3229/2669764/22211271/s/7767a2ee776f410d8fff3fa0e05fb3fe.jpg
Homenet,Van Horn Hyundai-26279,KMHL14JA9RA369189,https://gcbimages.s3.us-west-001.backblazeb2.com/d4/3229/2669764/22211275/o/8b4eacf26d5944efa1ef361e50390549.jpg,https://admin.double4.ai/d4/staticcontent/admin/web/profile/background/img_acp_background_3931.jpg,950,950,800,750,0,,https://gcbimages.s3.us-west-001.backblazeb2.com/d4/3229/2669764/22211275/s/8b4eacf26d5944efa1ef361e50390549.jpg,https://gcbimages.s3.us-west-001.backblazeb2.com/d4/3229/2669764/22211275/s/8b4eacf26d5944efa1ef361e50390549.jpg
Homenet,Toyota of Rockwall-19812,2T3C1RFV1RW318655,https://gcbimages.s3.us-west-001.backblazeb2.com/d4/5407/2671664/22224768/o/7f3500a19ada4cd384bfe4e2b841079d.jpg,https://admin.double4.ai/d4/staticcontent/admin/web/profile/background/img_acp_background_6354.jpg,1025,700,800,710,0,,https://gcbimages.s3.us-west-001.backblazeb2.com/d4/5407/2671664/22224768/s/7f3500a19ada4cd384bfe4e2b841079d.jpg,https://gcbimages.s3.us-west-001.backblazeb2.com/d4/5407/2671664/22224768/s/7f3500a19ada4cd384bfe4e2b841079d.jpg
Homenet,Toyota of Rockwall-19813,2T3C1RFV1RW318655,https://gcbimages.s3.us-west-001.backblazeb2.com/d4/5407/2671664/22224761/o/f7f345b49f20412195c71b7959befe12.jpg,https://admin.double4.ai/d4/staticcontent/admin/web/profile/background/img_acp_background_6354.jpg,1400,700,800,710,0,,https://gcbimages.s3.us-west-001.backblazeb2.com/d4/5407/2671664/22224761/s/f7f345b49f20412195c71b7959befe12.jpg,https://gcbimages.s3.us-west-001.backblazeb2.com/d4/5407/2671664/22224761/s/f7f345b49f20412195c71b7959befe12.jpg
Homenet,Toyota of Rockwall-19814,JTEFU5JR3R5306629,https://gcbimages.s3.us-west-001.backblazeb2.com/d4/5407/2670495/22216522/o/c04f814f52c84c4fbe4c126a1657e6bb.jpg,https://admin.double4.ai/d4/staticcontent/admin/web/profile/background/img_acp_background_6354.jpg,1400,700,800,710,0,,https://gcbimages.s3.us-west-001.backblazeb2.com/d4/5407/2670495/22216522/s/c04f814f52c84c4fbe4c126a1657e6bb.jpg,https://gcbimages.s3.us-west-001.backblazeb2.com/d4/5407/2670495/22216522/s/c04f814f52c84c4fbe4c126a1657e6bb.jpg
Homenet,Toyota of Rockwall-19815,JTEFU5JR3R5306629,https://gcbimages.s3.us-west-001.backblazeb2.com/d4/5407/2670495/22216528/o/a253639f47504a73902e799cb242adbc.jpg,https://admin.double4.ai/d4/staticcontent/admin/web/profile/background/img_acp_background_6354.jpg,1560,700,800,710,0,,https://gcbimages.s3.us-west-001.backblazeb2.com/d4/5407/2670495/22216528/s/a253639f47504a73902e799cb242adbc.jpg,https://gcbimages.s3.us-west-001.backblazeb2.com/d4/5407/2670495/22216528/s/a253639f47504a73902e799cb242adbc.jpg
Homenet,Toyota of Rockwall-19816,JTEEU5JR0M5239976,https://gcbimages.s3.us-west-001.backblazeb2.com/d4/5407/2663472/22050789/o/7c5d94209ae64fae9fc64eaf048730c5.jpg,https://admin.double4.ai/d4/staticcontent/admin/web/profile/background/img_acp_background_6354.jpg,1560,700,800,710,0,,https://gcbimages.s3.us-west-001.backblazeb2.com/d4/5407/2663472/22050789/s/7c5d94209ae64fae9fc64eaf048730c5.jpg,https://gcbimages.s3.us-west-001.backblazeb2.com/d4/5407/2663472/22050789/s/7c5d94209ae64fae9fc64eaf048730c5.jpg
Homenet,Toyota of Rockwall-19817,JTEEU5JR0M5239976,https://gcbimages.s3.us-west-001.backblazeb2.com/d4/5407/2663472/22050783/o/cc94f4f1e4c14936845e715cab9e155e.jpg,https://admin.double4.ai/d4/staticcontent/admin/web/profile/background/img_acp_background_6354.jpg,1400,700,800,710,0,,https://gcbimages.s3.us-west-001.backblazeb2.com/d4/5407/2663472/22050783/s/cc94f4f1e4c14936845e715cab9e155e.jpg,https://gcbimages.s3.us-west-001.backblazeb2.com/d4/5407/2663472/22050783/s/cc94f4f1e4c14936845e715cab9e155e.jpg
Homenet,Toyota of Rockwall-19818,5TFLA5DA2RX162727,https://gcbimages.s3.us-west-001.backblazeb2.com/d4/5407/2567817/19173172/s/9e3a2d216e544592be4cd4a8973158f2.jpg,https://admin.double4.ai/d4/staticcontent/admin/web/profile/background/img_acp_background_6354.jpg,1400,700,800,710,0,,https://gcbimages.s3.us-west-001.backblazeb2.com/d4/5407/2567817/19173172/s/9e3a2d216e544592be4cd4a8973158f2.jpg,https://gcbimages.s3.us-west-001.backblazeb2.com/d4/5407/2567817/19173172/s/9e3a2d216e544592be4cd4a8973158f2.jpg
Homenet,Toyota of Rockwall-19819,5TFLA5DA2RX162727,https://gcbimages.s3.us-west-001.backblazeb2.com/d4/5407/2567817/19173179/o/2eed2bb40dcc4c90bbd03a273977f58e.jpg,https://admin.double4.ai/d4/staticcontent/admin/web/profile/background/img_acp_background_6354.jpg,1560,700,800,710,0,,https://gcbimages.s3.us-west-001.backblazeb2.com/d4/5407/2567817/19173179/s/2eed2bb40dcc4c90bbd03a273977f58e.jpg,https://gcbimages.s3.us-west-001.backblazeb2.com/d4/5407/2567817/19173179/s/2eed2bb40dcc4c90bbd03a273977f58e.jpg
Homenet,Capital Chrysler Dodge Jeep Ram of Indian Trail-9038608,3TMCZ5AN8PM570071,https://gcbimages.s3.us-west-001.backblazeb2.com/d4/2916/2668259/22200431/o/5482efb640f24b7d820233135b5c290d.jpg,https://admin.double4.ai/d4/staticcontent/admin/web/profile/background/img_acp_background_3618.jpg,1175,700,800,825,0,,https://gcbimages.s3.us-west-001.backblazeb2.com/d4/2916/2668259/22200431/s/5482efb640f24b7d820233135b5c290d.jpg,https://gcbimages.s3.us-west-001.backblazeb2.com/d4/2916/2668259/22200431/s/5482efb640f24b7d820233135b5c290d.jpg
Homenet,Capital Chrysler Dodge Jeep Ram of Indian Trail-9038609,3TMCZ5AN8PM570071,https://gcbimages.s3.us-west-001.backblazeb2.com/d4/2916/2668259/22200435/o/eb86f4ea8ceb48ca8b37e49dc2c18731.jpg,https://admin.double4.ai/d4/staticcontent/admin/web/profile/background/img_acp_background_3618.jpg,1425,750,800,825,0,,https://gcbimages.s3.us-west-001.backblazeb2.com/d4/2916/2668259/22200435/s/eb86f4ea8ceb48ca8b37e49dc2c18731.jpg,https://gcbimages.s3.us-west-001.backblazeb2.com/d4/2916/2668259/22200435/s/eb86f4ea8ceb48ca8b37e49dc2c18731.jpg
Homenet,Capital Chrysler Dodge Jeep Ram of Indian Trail-9038610,1C6SRFJT6RN211902,https://gcbimages.s3.us-west-001.backblazeb2.com/d4/2916/2632611/21296698/o/f10e66065c9e44069265abce976de859.jpg,https://admin.double4.ai/d4/staticcontent/admin/web/profile/background/img_acp_background_3618.jpg,1175,750,800,825,0,,https://gcbimages.s3.us-west-001.backblazeb2.com/d4/2916/2632611/21296698/s/f10e66065c9e44069265abce976de859.jpg,https://gcbimages.s3.us-west-001.backblazeb2.com/d4/2916/2632611/21296698/s/f10e66065c9e44069265abce976de859.jpg
Homenet,Capital Chrysler Dodge Jeep Ram of Indian Trail-9038611,1C6SRFJT6RN211902,https://gcbimages.s3.us-west-001.backblazeb2.com/d4/2916/2632611/21296701/o/01b5eefb1c3b4da2ac48ead91395583a.jpg,https://admin.double4.ai/d4/staticcontent/admin/web/profile/background/img_acp_background_3618.jpg,860,750,800,825,0,,https://gcbimages.s3.us-west-001.backblazeb2.com/d4/2916/2632611/21296701/s/01b5eefb1c3b4da2ac48ead91395583a.jpg,https://gcbimages.s3.us-west-001.backblazeb2.com/d4/2916/2632611/21296701/s/01b5eefb1c3b4da2ac48ead91395583a.jpg
Homenet,Fairway Ford-23579,1FDWE3FN1RDD42672,https://gcbimages.s3.us-west-001.backblazeb2.com/d4/2788/2653672/21875371/o/c7dd0561584c47b0984a69d47ca59de0.jpg,https://admin.double4.ai/d4/staticcontent/admin/web/profile/background/img_acp_background_3489.jpg,1200,850,800,800,1,"CarPartMissing,Antenna",https://gcbimages.s3.us-west-001.backblazeb2.com/d4/2788/2653672/21875371/s/c7dd0561584c47b0984a69d47ca59de0.jpg,https://gcbimages.s3.us-west-001.backblazeb2.com/d4/2788/2653672/21875371/MU/1708333980/c7dd0561584c47b0984a69d47ca59de0.jpg
Homenet,Fairway Ford-23580,1FDWE3FN1RDD42672,https://gcbimages.s3.us-west-001.backblazeb2.com/d4/2788/2653672/21875345/o/84bd970c86de43d999c691b923eb4c61.jpg,https://admin.double4.ai/d4/staticcontent/admin/web/profile/background/img_acp_background_3489.jpg,1500,850,800,800,1,"CarPartMissing,Antenna,FootRest",https://gcbimages.s3.us-west-001.backblazeb2.com/d4/2788/2653672/21875345/s/84bd970c86de43d999c691b923eb4c61.jpg,https://gcbimages.s3.us-west-001.backblazeb2.com/d4/2788/2653672/21875345/MU/1708335165/84bd970c86de43d999c691b923eb4c61.jpg
Homenet,Audi South Austin-9021870,WAUW4GF54PN000782,https://gcbimages.s3.us-west-001.backblazeb2.com/d4/3798/2649757/22804075/o/542080871c5c4b858847a9783f0bb3de.jpg,https://admin.double4.ai/d4/staticcontent/admin/web/profile/background/img_acp_background_4582.jpg,1375,875,800,715,1,CarPartMissing,https://gcbimages.s3.us-west-001.backblazeb2.com/d4/3798/2649757/22804075/s/542080871c5c4b858847a9783f0bb3de.jpg,https://gcbimages.s3.us-west-001.backblazeb2.com/d4/3798/2649757/22804075/MU/1708918938/542080871c5c4b858847a9783f0bb3de.jpg
Homenet,Porsche of Ocala-31526,1ZVBP8EM1C5282720,https://gcbimages.s3.us-west-001.backblazeb2.com/d4/5156/2680915/22508396/o/8d7eaba2711b4c80bd5ce47142705e6a.jpg,https://admin.double4.ai/d4/staticcontent/admin/web/profile/background/img_acp_background_5899.jpg,1525,975,800,640,1,CarPartMissing,https://gcbimages.s3.us-west-001.backblazeb2.com/d4/5156/2680915/22508396/s/8d7eaba2711b4c80bd5ce47142705e6a.jpg,https://gcbimages.s3.us-west-001.backblazeb2.com/d4/5156/2680915/22508396/MU/1708672445/8d7eaba2711b4c80bd5ce47142705e6a.jpg
Homenet,Porsche of Ocala-31527,JTHFE2C29F2511092,https://gcbimages.s3.us-west-001.backblazeb2.com/d4/5156/2669524/22209592/o/a40da80e72d54cc98e81293a52f320ac.jpg,https://admin.double4.ai/d4/staticcontent/admin/web/profile/background/img_acp_background_5899.jpg,1575,975,800,640,1,CarPartMissing,https://gcbimages.s3.us-west-001.backblazeb2.com/d4/5156/2669524/22209592/s/a40da80e72d54cc98e81293a52f320ac.jpg,https://gcbimages.s3.us-west-001.backblazeb2.com/d4/5156/2669524/22209592/MU/1708630909/a40da80e72d54cc98e81293a52f320ac.jpg
Homenet,Porsche of Ocala-31528,1ZVBP8EM1C5282720,https://gcbimages.s3.us-west-001.backblazeb2.com/d4/5156/2680915/22508408/o/74d189cdb5ca467cb54da1275d0ba619.jpg,https://admin.double4.ai/d4/staticcontent/admin/web/profile/background/img_acp_background_5899.jpg,1525,975,800,640,1,CarPartMissing,https://gcbimages.s3.us-west-001.backblazeb2.com/d4/5156/2680915/22508408/s/74d189cdb5ca467cb54da1275d0ba619.jpg,https://gcbimages.s3.us-west-001.backblazeb2.com/d4/5156/2680915/22508408/MU/1708671869/74d189cdb5ca467cb54da1275d0ba619.jpg
Homenet,Paul Miller Porsche-1060,WP0AD2A90PS258387,https://gcbimages.s3.us-west-001.backblazeb2.com/d4/3648/2722341/23466332/o/4b2062488d0c4c47b74e3413f0a7de20.jpg,https://admin.double4.ai/d4/staticcontent/admin/web/profile/background/img_acp_background_4426.jpg,1425,825,800,675,1,ExtraPartVisible,https://gcbimages.s3.us-west-001.backblazeb2.com/d4/3648/2722341/23466332/s/4b2062488d0c4c47b74e3413f0a7de20.jpg,https://gcbimages.s3.us-west-001.backblazeb2.com/d4/3648/2722341/23466332/MU/1709020493/4b2062488d0c4c47b74e3413f0a7de20.jpg
Homenet,Paul Miller Porsche-1061,WP0AD2A97NS254883,https://gcbimages.s3.us-west-001.backblazeb2.com/d4/3648/2491395/17910591/o/1eade350b81945209f86a60f8a66237d.jpg,https://admin.double4.ai/d4/staticcontent/admin/web/profile/background/img_acp_background_4426.jpg,1425,825,800,675,1,CarPartMissing,https://gcbimages.s3.us-west-001.backblazeb2.com/d4/3648/2491395/17910591/s/1eade350b81945209f86a60f8a66237d.jpg,https://gcbimages.s3.us-west-001.backblazeb2.com/d4/3648/2491395/17910591/MU/1705996854/1eade350b81945209f86a60f8a66237d.jpg
Homenet,Paul Miller Porsche-1062,WP0AD2A97NS254883,https://gcbimages.s3.us-west-001.backblazeb2.com/d4/3648/2491395/17910595/o/406d33ba2eb74735949cee4c3084861c.jpg,https://admin.double4.ai/d4/staticcontent/admin/web/profile/background/img_acp_background_4426.jpg,925,825,800,675,1,CarPartMissing,https://gcbimages.s3.us-west-001.backblazeb2.com/d4/3648/2491395/17910595/s/406d33ba2eb74735949cee4c3084861c.jpg,https://gcbimages.s3.us-west-001.backblazeb2.com/d4/3648/2491395/17910595/MU/1705996757/406d33ba2eb74735949cee4c3084861c.jpg
Homenet,Paul Miller Porsche-1063,WP0AD29998S796219,https://gcbimages.s3.us-west-001.backblazeb2.com/d4/3648/2401476/17159528/o/9ae3ebd9b3294fe3bc2eccc2ff130924.jpg,https://admin.double4.ai/d4/staticcontent/admin/web/profile/background/img_acp_background_4426.jpg,925,825,800,675,1,CarPartMissing,https://gcbimages.s3.us-west-001.backblazeb2.com/d4/3648/2401476/17159528/s/9ae3ebd9b3294fe3bc2eccc2ff130924.jpg,https://gcbimages.s3.us-west-001.backblazeb2.com/d4/3648/2401476/17159528/MU/1704175576/9ae3ebd9b3294fe3bc2eccc2ff130924.jpg
Homenet,Paul Miller Porsche-1064,WP0AD29998S796219,https://gcbimages.s3.us-west-001.backblazeb2.com/d4/3648/2401476/17159531/o/be5b594fef9948438c4a2eb0db3e4d6b.jpg,https://admin.double4.ai/d4/staticcontent/admin/web/profile/background/img_acp_background_4426.jpg,1425,825,800,675,1,CarPartMissing,https://gcbimages.s3.us-west-001.backblazeb2.com/d4/3648/2401476/17159531/s/be5b594fef9948438c4a2eb0db3e4d6b.jpg,https://gcbimages.s3.us-west-001.backblazeb2.com/d4/3648/2401476/17159531/MU/1704175745/be5b594fef9948438c4a2eb0db3e4d6b.jpg
Homenet,Paul Miller Porsche-1065,WP0AD29998S796219,https://gcbimages.s3.us-west-001.backblazeb2.com/d4/3648/2401476/17159534/o/1a0be6f3479345d39f4fe34abe4da8cd.jpg,https://admin.double4.ai/d4/staticcontent/admin/web/profile/background/img_acp_background_4426.jpg,1525,825,800,675,1,CarPartMissing,https://gcbimages.s3.us-west-001.backblazeb2.com/d4/3648/2401476/17159534/s/1a0be6f3479345d39f4fe34abe4da8cd.jpg,https://gcbimages.s3.us-west-001.backblazeb2.com/d4/3648/2401476/17159534/MU/1704176021/1a0be6f3479345d39f4fe34abe4da8cd.jpg
Homenet,Paul Miller Porsche-1066,WP0AC2A93NS268119,https://gcbimages.s3.us-west-001.backblazeb2.com/d4/3648/1758549/15451168/o/799c953fa0304e78a6626df9175ee23a.jpg,https://admin.double4.ai/d4/staticcontent/admin/web/profile/background/img_acp_background_4426.jpg,1425,825,800,675,1,CarPartMissing,https://gcbimages.s3.us-west-001.backblazeb2.com/d4/3648/1758549/15451168/s/799c953fa0304e78a6626df9175ee23a.jpg,https://gcbimages.s3.us-west-001.backblazeb2.com/d4/3648/1758549/15451168/MU/1700473336/799c953fa0304e78a6626df9175ee23a.jpg
Homenet,Paul Miller Porsche-1067,WP0AC2A93NS268119,https://gcbimages.s3.us-west-001.backblazeb2.com/d4/3648/1758549/15451181/o/c51c0e33bbc44befa5a992a8c540bd0c.jpg,https://admin.double4.ai/d4/staticcontent/admin/web/profile/background/img_acp_background_4426.jpg,1425,825,800,675,1,CarPartMissing,https://gcbimages.s3.us-west-001.backblazeb2.com/d4/3648/1758549/15451181/s/c51c0e33bbc44befa5a992a8c540bd0c.jpg,https://gcbimages.s3.us-west-001.backblazeb2.com/d4/3648/1758549/15451181/MU/1700473046/c51c0e33bbc44befa5a992a8c540bd0c.jpg
Homenet,Paul Miller Porsche-1068,WP0CD2A98KS144705,https://gcbimages.s3.us-west-001.backblazeb2.com/d4/3648/1705686/11503303/o/2388956554d0480ab829df1eb9d77a24.jpg,https://admin.double4.ai/d4/staticcontent/admin/web/profile/background/img_acp_background_4426.jpg,1425,825,800,675,1,CarPartMissing,https://gcbimages.s3.us-west-001.backblazeb2.com/d4/3648/1705686/11503303/s/2388956554d0480ab829df1eb9d77a24.jpg,https://gcbimages.s3.us-west-001.backblazeb2.com/d4/3648/1705686/11503303/MU/1699344072/2388956554d0480ab829df1eb9d77a24.jpg
Homenet,Paul Miller Porsche-1069,WP0CD2A98KS144705,https://gcbimages.s3.us-west-001.backblazeb2.com/d4/3648/1705686/11503306/o/9e16aebc8e8346f7aa2d2e7297e0ea3a.jpg,https://admin.double4.ai/d4/staticcontent/admin/web/profile/background/img_acp_background_4426.jpg,1425,825,800,675,1,CarPartMissing,https://gcbimages.s3.us-west-001.backblazeb2.com/d4/3648/1705686/11503306/s/9e16aebc8e8346f7aa2d2e7297e0ea3a.jpg,https://gcbimages.s3.us-west-001.backblazeb2.com/d4/3648/1705686/11503306/MU/1699343690/9e16aebc8e8346f7aa2d2e7297e0ea3a.jpg
Homenet,Porsche-4621-P,WP0AF2A97KS165014,https://gcbimages.s3.us-west-001.backblazeb2.com/d4/5127/2688210/22655052/o/462e1c9e4095488bb6ede505c45824dc.jpg,https://admin.double4.ai/d4/staticcontent/admin/web/profile/background/img_acp_background_5870.jpg,560,300,320,280,1,CarPartMissing,https://gcbimages.s3.us-west-001.backblazeb2.com/d4/5127/2688210/22655052/s/462e1c9e4095488bb6ede505c45824dc.jpg,https://gcbimages.s3.us-west-001.backblazeb2.com/d4/5127/2688210/22655052/MU/1708655830/462e1c9e4095488bb6ede505c45824dc.jpg
Homenet,Porsche-4621-P,WP0AF2A97KS165014,https://gcbimages.s3.us-west-001.backblazeb2.com/d4/5127/2688210/22655047/o/46786a44fa244cb2bf8cb8b4c769ae75.jpg,https://admin.double4.ai/d4/staticcontent/admin/web/profile/background/img_acp_background_5870.jpg,560,300,320,280,1,CarPartMissing,https://gcbimages.s3.us-west-001.backblazeb2.com/d4/5127/2688210/22655047/s/46786a44fa244cb2bf8cb8b4c769ae75.jpg,https://gcbimages.s3.us-west-001.backblazeb2.com/d4/5127/2688210/22655047/MU/1708663949/46786a44fa244cb2bf8cb8b4c769ae75.jpg
Homenet,Porsche-4621-P,WP0AC2A90RS263076,https://gcbimages.s3.us-west-001.backblazeb2.com/d4/5127/2584059/20212855/o/53e3ffcf95bc48d9a5a52c07bb753956.jpg,https://admin.double4.ai/d4/staticcontent/admin/web/profile/background/img_acp_background_5870.jpg,380,300,320,280,1,CarPartMissing,https://gcbimages.s3.us-west-001.backblazeb2.com/d4/5127/2584059/20212855/s/53e3ffcf95bc48d9a5a52c07bb753956.jpg,https://gcbimages.s3.us-west-001.backblazeb2.com/d4/5127/2584059/20212855/MU/1706975589/53e3ffcf95bc48d9a5a52c07bb753956.jpg
Homenet,Porsche-4621-P,WP0AC2A90RS263076,https://gcbimages.s3.us-west-001.backblazeb2.com/d4/5127/2584059/20212859/o/7aba4f64cf1a4cb1b086fa38dc136bed.jpg,https://admin.double4.ai/d4/staticcontent/admin/web/profile/background/img_acp_background_5870.jpg,280,300,320,280,1,CarPartMissing,https://gcbimages.s3.us-west-001.backblazeb2.com/d4/5127/2584059/20212859/s/7aba4f64cf1a4cb1b086fa38dc136bed.jpg,https://gcbimages.s3.us-west-001.backblazeb2.com/d4/5127/2584059/20212859/MU/1706975986/7aba4f64cf1a4cb1b086fa38dc136bed.jpg
Homenet,Germain BMW-16755_ASOF,WBADZ2C09RCR49117,https://gcbimages.s3.us-west-001.backblazeb2.com/d4/3341/2671736/22225947/o/cc3fa475b699415a9c491773115f6f26.jpg,https://admin.double4.ai/d4/staticcontent/admin/web/profile/background/img_acp_background_4099.png,1400,980,800,740,1,CarPartMissing,https://gcbimages.s3.us-west-001.backblazeb2.com/d4/3341/2671736/22225947/s/cc3fa475b699415a9c491773115f6f26.jpg,https://gcbimages.s3.us-west-001.backblazeb2.com/d4/3341/2671736/22225947/MU/1708401850/cc3fa475b699415a9c491773115f6f26.jpg
Homenet,Germain BMW-16755_ASOF,WBAFY4C09RCR37542,https://gcbimages.s3.us-west-001.backblazeb2.com/d4/3341/2671734/22225878/o/206264db172f43c5ae6c92aed48772f5.jpg,https://admin.double4.ai/d4/staticcontent/admin/web/profile/background/img_acp_background_4099.png,1400,980,800,740,1,CarPartMissing,https://gcbimages.s3.us-west-001.backblazeb2.com/d4/3341/2671734/22225878/s/206264db172f43c5ae6c92aed48772f5.jpg,https://gcbimages.s3.us-west-001.backblazeb2.com/d4/3341/2671734/22225878/MU/1708395019/206264db172f43c5ae6c92aed48772f5.jpg
Homenet,Germain BMW-16755_ASOF,WBADZ4C07RCR43005,https://gcbimages.s3.us-west-001.backblazeb2.com/d4/3341/2642777/21606003/o/af20de07b09a400fa151ccfa37099aa5.jpg,https://admin.double4.ai/d4/staticcontent/admin/web/profile/background/img_acp_background_4099.png,1525,980,800,740,1,"CarPartMissing,ExtraPartVisible",https://gcbimages.s3.us-west-001.backblazeb2.com/d4/3341/2642777/21606003/s/af20de07b09a400fa151ccfa37099aa5.jpg,https://gcbimages.s3.us-west-001.backblazeb2.com/d4/3341/2642777/21606003/MU/1707986338/af20de07b09a400fa151ccfa37099aa5.jpg
Homenet,Germain BMW-16755_ASOF,WBAHF9C03RWY33509,https://gcbimages.s3.us-west-001.backblazeb2.com/d4/3341/2642282/21602835/o/ffede0f560a34fc9a956dd6c384c8165.jpg,https://admin.double4.ai/d4/staticcontent/admin/web/profile/background/img_acp_background_4099.png,1525,980,800,740,1,"CarPartMissing,ExtraPartVisible",https://gcbimages.s3.us-west-001.backblazeb2.com/d4/3341/2642282/21602835/s/ffede0f560a34fc9a956dd6c384c8165.jpg,https://gcbimages.s3.us-west-001.backblazeb2.com/d4/3341/2642282/21602835/MU/1707991921/ffede0f560a34fc9a956dd6c384c8165.jpg
Homenet,Germain BMW-16755_ASOF,WBADZ2C09RCR08857,https://gcbimages.s3.us-west-001.backblazeb2.com/d4/3341/2578892/20083948/o/2624246a58004cb2b9f76aa6970d8495.jpg,https://admin.double4.ai/d4/staticcontent/admin/web/profile/background/img_acp_background_4099.png,1525,980,800,740,1,"CarPartMissing,ExtraPartVisible",https://gcbimages.s3.us-west-001.backblazeb2.com/d4/3341/2578892/20083948/s/2624246a58004cb2b9f76aa6970d8495.jpg,https://gcbimages.s3.us-west-001.backblazeb2.com/d4/3341/2578892/20083948/MU/1706949460/2624246a58004cb2b9f76aa6970d8495.jpg
Homenet,Germain BMW-16755_ASOF,WBAFY4C06RCR45761,https://gcbimages.s3.us-west-001.backblazeb2.com/d4/3341/2561462/19101325/o/449bd427863c454a83b1e26bc9e323a6.jpg,https://admin.double4.ai/d4/staticcontent/admin/web/profile/background/img_acp_background_4099.png,1400,980,800,740,1,"CarPartMissing,ExtraPartVisible",https://gcbimages.s3.us-west-001.backblazeb2.com/d4/3341/2561462/19101325/s/449bd427863c454a83b1e26bc9e323a6.jpg,https://gcbimages.s3.us-west-001.backblazeb2.com/d4/3341/2561462/19101325/MU/1706606172/449bd427863c454a83b1e26bc9e323a6.jpg
Homenet,Germain BMW-16755_ASOF,WBAHF9C04NWX69796,https://gcbimages.s3.us-west-001.backblazeb2.com/d4/3341/2486397/17864295/o/cec93de56c85463a88e5a01f057f83e5.jpg,https://admin.double4.ai/d4/staticcontent/admin/web/profile/background/img_acp_background_4099.png,1525,980,800,740,1,"CarPartMissing,ExtraPartVisible",https://gcbimages.s3.us-west-001.backblazeb2.com/d4/3341/2486397/17864295/s/cec93de56c85463a88e5a01f057f83e5.jpg,https://gcbimages.s3.us-west-001.backblazeb2.com/d4/3341/2486397/17864295/MU/1705864208/cec93de56c85463a88e5a01f057f83e5.jpg
Homenet,Germain BMW-16755_ASOF,WBADZ4C09RCR02178,https://gcbimages.s3.us-west-001.backblazeb2.com/d4/3341/2414975/17273004/o/ce91b5cf39d14106b9821af0871b3bb8.jpg,https://admin.double4.ai/d4/staticcontent/admin/web/profile/background/img_acp_background_4099.png,1400,980,800,740,1,"CarPartMissing,ExtraPartVisible",https://gcbimages.s3.us-west-001.backblazeb2.com/d4/3341/2414975/17273004/s/ce91b5cf39d14106b9821af0871b3bb8.jpg,https://gcbimages.s3.us-west-001.backblazeb2.com/d4/3341/2414975/17273004/MU/1704696895/ce91b5cf39d14106b9821af0871b3bb8.jpg
Homenet,BMW of Fort Myers-16888,WBAFY4C56KBX39122,https://gcbimages.s3.us-west-001.backblazeb2.com/d4/4426/2671314/22222759/o/c2b6ad4375d3499ab4ac13674f7cac23.jpg,https://admin.double4.ai/d4/staticcontent/admin/web/profile/background/img_acp_background_5154.jpg,1575,950,800,680,1,"CarPartMissing,ExtraPartVisible",https://gcbimages.s3.us-west-001.backblazeb2.com/d4/4426/2671314/22222759/s/c2b6ad4375d3499ab4ac13674f7cac23.jpg,https://gcbimages.s3.us-west-001.backblazeb2.com/d4/4426/2671314/22222759/MU/1708395807/c2b6ad4375d3499ab4ac13674f7cac23.jpg
Homenet,BMW of Fort Myers-16888,1FATP8FF7P5106208,https://gcbimages.s3.us-west-001.backblazeb2.com/d4/4426/2624404/21119748/o/2dfa396e2e1a4e95ad926a9c64b8e7bb.jpg,https://admin.double4.ai/d4/staticcontent/admin/web/profile/background/img_acp_background_5154.jpg,1575,950,800,680,1,"CarPartMissing,ExtraPartVisible",https://gcbimages.s3.us-west-001.backblazeb2.com/d4/4426/2624404/21119748/s/2dfa396e2e1a4e95ad926a9c64b8e7bb.jpg,https://gcbimages.s3.us-west-001.backblazeb2.com/d4/4426/2624404/21119748/MU/1707700535/2dfa396e2e1a4e95ad926a9c64b8e7bb.jpg
Homenet,Audi Columbus-4621-U,WAU4AGF58RN002408,https://gcbimages.s3.us-west-001.backblazeb2.com/d4/5123/2678625/22493381/o/092e27bb5f2a4509978fa4764f6a7bf9.jpg,https://admin.double4.ai/d4/staticcontent/admin/web/profile/background/img_acp_background_5866.jpg,520,300,320,290,1,"CarPartMissing,ExtraPartVisible",https://gcbimages.s3.us-west-001.backblazeb2.com/d4/5123/2678625/22493381/s/092e27bb5f2a4509978fa4764f6a7bf9.jpg,https://gcbimages.s3.us-west-001.backblazeb2.com/d4/5123/2678625/22493381/MU/1708600664/092e27bb5f2a4509978fa4764f6a7bf9.jpg
Homenet,Audi Columbus-4621-U,WAU5AGF50RN002200,https://gcbimages.s3.us-west-001.backblazeb2.com/d4/5123/2285274/16168054/o/20faed5b57f843278dc4bbd1f9ee33df.jpg,https://admin.double4.ai/d4/staticcontent/admin/web/profile/background/img_acp_background_5866.jpg,520,300,320,290,1,"CarPartMissing,ExtraPartVisible",https://gcbimages.s3.us-west-001.backblazeb2.com/d4/5123/2285274/16168054/s/20faed5b57f843278dc4bbd1f9ee33df.jpg,https://gcbimages.s3.us-west-001.backblazeb2.com/d4/5123/2285274/16168054/MU/1701959703/20faed5b57f843278dc4bbd1f9ee33df.jpg